--
-- PostgreSQL database dump
--

-- Dumped from database version 13.20
-- Dumped by pg_dump version 13.20

SET statement_timeout = 0;
SET lock_timeout = 0;
SET idle_in_transaction_session_timeout = 0;
SET client_encoding = 'UTF8';
SET standard_conforming_strings = on;
SELECT pg_catalog.set_config('search_path', '', false);
SET check_function_bodies = false;
SET xmloption = content;
SET client_min_messages = warning;
SET row_security = off;

SET default_tablespace = '';

SET default_table_access_method = heap;

--
-- Name: auth_group; Type: TABLE; Schema: public; Owner: realestate_user
--

CREATE TABLE public.auth_group (
    id integer NOT NULL,
    name character varying(150) NOT NULL
);


ALTER TABLE public.auth_group OWNER TO realestate_user;

--
-- Name: auth_group_id_seq; Type: SEQUENCE; Schema: public; Owner: realestate_user
--

ALTER TABLE public.auth_group ALTER COLUMN id ADD GENERATED BY DEFAULT AS IDENTITY (
    SEQUENCE NAME public.auth_group_id_seq
    START WITH 1
    INCREMENT BY 1
    NO MINVALUE
    NO MAXVALUE
    CACHE 1
);


--
-- Name: auth_group_permissions; Type: TABLE; Schema: public; Owner: realestate_user
--

CREATE TABLE public.auth_group_permissions (
    id bigint NOT NULL,
    group_id integer NOT NULL,
    permission_id integer NOT NULL
);


ALTER TABLE public.auth_group_permissions OWNER TO realestate_user;

--
-- Name: auth_group_permissions_id_seq; Type: SEQUENCE; Schema: public; Owner: realestate_user
--

ALTER TABLE public.auth_group_permissions ALTER COLUMN id ADD GENERATED BY DEFAULT AS IDENTITY (
    SEQUENCE NAME public.auth_group_permissions_id_seq
    START WITH 1
    INCREMENT BY 1
    NO MINVALUE
    NO MAXVALUE
    CACHE 1
);


--
-- Name: auth_permission; Type: TABLE; Schema: public; Owner: realestate_user
--

CREATE TABLE public.auth_permission (
    id integer NOT NULL,
    name character varying(255) NOT NULL,
    content_type_id integer NOT NULL,
    codename character varying(100) NOT NULL
);


ALTER TABLE public.auth_permission OWNER TO realestate_user;

--
-- Name: auth_permission_id_seq; Type: SEQUENCE; Schema: public; Owner: realestate_user
--

ALTER TABLE public.auth_permission ALTER COLUMN id ADD GENERATED BY DEFAULT AS IDENTITY (
    SEQUENCE NAME public.auth_permission_id_seq
    START WITH 1
    INCREMENT BY 1
    NO MINVALUE
    NO MAXVALUE
    CACHE 1
);


--
-- Name: auth_user; Type: TABLE; Schema: public; Owner: realestate_user
--

CREATE TABLE public.auth_user (
    id integer NOT NULL,
    password character varying(128) NOT NULL,
    last_login timestamp with time zone,
    is_superuser boolean NOT NULL,
    username character varying(150) NOT NULL,
    first_name character varying(150) NOT NULL,
    last_name character varying(150) NOT NULL,
    email character varying(254) NOT NULL,
    is_staff boolean NOT NULL,
    is_active boolean NOT NULL,
    date_joined timestamp with time zone NOT NULL
);


ALTER TABLE public.auth_user OWNER TO realestate_user;

--
-- Name: auth_user_groups; Type: TABLE; Schema: public; Owner: realestate_user
--

CREATE TABLE public.auth_user_groups (
    id bigint NOT NULL,
    user_id integer NOT NULL,
    group_id integer NOT NULL
);


ALTER TABLE public.auth_user_groups OWNER TO realestate_user;

--
-- Name: auth_user_groups_id_seq; Type: SEQUENCE; Schema: public; Owner: realestate_user
--

ALTER TABLE public.auth_user_groups ALTER COLUMN id ADD GENERATED BY DEFAULT AS IDENTITY (
    SEQUENCE NAME public.auth_user_groups_id_seq
    START WITH 1
    INCREMENT BY 1
    NO MINVALUE
    NO MAXVALUE
    CACHE 1
);


--
-- Name: auth_user_id_seq; Type: SEQUENCE; Schema: public; Owner: realestate_user
--

ALTER TABLE public.auth_user ALTER COLUMN id ADD GENERATED BY DEFAULT AS IDENTITY (
    SEQUENCE NAME public.auth_user_id_seq
    START WITH 1
    INCREMENT BY 1
    NO MINVALUE
    NO MAXVALUE
    CACHE 1
);


--
-- Name: auth_user_user_permissions; Type: TABLE; Schema: public; Owner: realestate_user
--

CREATE TABLE public.auth_user_user_permissions (
    id bigint NOT NULL,
    user_id integer NOT NULL,
    permission_id integer NOT NULL
);


ALTER TABLE public.auth_user_user_permissions OWNER TO realestate_user;

--
-- Name: auth_user_user_permissions_id_seq; Type: SEQUENCE; Schema: public; Owner: realestate_user
--

ALTER TABLE public.auth_user_user_permissions ALTER COLUMN id ADD GENERATED BY DEFAULT AS IDENTITY (
    SEQUENCE NAME public.auth_user_user_permissions_id_seq
    START WITH 1
    INCREMENT BY 1
    NO MINVALUE
    NO MAXVALUE
    CACHE 1
);


--
-- Name: django_admin_log; Type: TABLE; Schema: public; Owner: realestate_user
--

CREATE TABLE public.django_admin_log (
    id integer NOT NULL,
    action_time timestamp with time zone NOT NULL,
    object_id text,
    object_repr character varying(200) NOT NULL,
    action_flag smallint NOT NULL,
    change_message text NOT NULL,
    content_type_id integer,
    user_id integer NOT NULL,
    CONSTRAINT django_admin_log_action_flag_check CHECK ((action_flag >= 0))
);


ALTER TABLE public.django_admin_log OWNER TO realestate_user;

--
-- Name: django_admin_log_id_seq; Type: SEQUENCE; Schema: public; Owner: realestate_user
--

ALTER TABLE public.django_admin_log ALTER COLUMN id ADD GENERATED BY DEFAULT AS IDENTITY (
    SEQUENCE NAME public.django_admin_log_id_seq
    START WITH 1
    INCREMENT BY 1
    NO MINVALUE
    NO MAXVALUE
    CACHE 1
);


--
-- Name: django_content_type; Type: TABLE; Schema: public; Owner: realestate_user
--

CREATE TABLE public.django_content_type (
    id integer NOT NULL,
    app_label character varying(100) NOT NULL,
    model character varying(100) NOT NULL
);


ALTER TABLE public.django_content_type OWNER TO realestate_user;

--
-- Name: django_content_type_id_seq; Type: SEQUENCE; Schema: public; Owner: realestate_user
--

ALTER TABLE public.django_content_type ALTER COLUMN id ADD GENERATED BY DEFAULT AS IDENTITY (
    SEQUENCE NAME public.django_content_type_id_seq
    START WITH 1
    INCREMENT BY 1
    NO MINVALUE
    NO MAXVALUE
    CACHE 1
);


--
-- Name: django_migrations; Type: TABLE; Schema: public; Owner: realestate_user
--

CREATE TABLE public.django_migrations (
    id bigint NOT NULL,
    app character varying(255) NOT NULL,
    name character varying(255) NOT NULL,
    applied timestamp with time zone NOT NULL
);


ALTER TABLE public.django_migrations OWNER TO realestate_user;

--
-- Name: django_migrations_id_seq; Type: SEQUENCE; Schema: public; Owner: realestate_user
--

ALTER TABLE public.django_migrations ALTER COLUMN id ADD GENERATED BY DEFAULT AS IDENTITY (
    SEQUENCE NAME public.django_migrations_id_seq
    START WITH 1
    INCREMENT BY 1
    NO MINVALUE
    NO MAXVALUE
    CACHE 1
);


--
-- Name: django_session; Type: TABLE; Schema: public; Owner: realestate_user
--

CREATE TABLE public.django_session (
    session_key character varying(40) NOT NULL,
    session_data text NOT NULL,
    expire_date timestamp with time zone NOT NULL
);


ALTER TABLE public.django_session OWNER TO realestate_user;

--
-- Name: my_app_city; Type: TABLE; Schema: public; Owner: realestate_user
--

CREATE TABLE public.my_app_city (
    id bigint NOT NULL,
    name character varying(50) NOT NULL
);


ALTER TABLE public.my_app_city OWNER TO realestate_user;

--
-- Name: my_app_city_id_seq; Type: SEQUENCE; Schema: public; Owner: realestate_user
--

ALTER TABLE public.my_app_city ALTER COLUMN id ADD GENERATED BY DEFAULT AS IDENTITY (
    SEQUENCE NAME public.my_app_city_id_seq
    START WITH 1
    INCREMENT BY 1
    NO MINVALUE
    NO MAXVALUE
    CACHE 1
);


--
-- Name: my_app_contact; Type: TABLE; Schema: public; Owner: realestate_user
--

CREATE TABLE public.my_app_contact (
    id bigint NOT NULL,
    name character varying(100) NOT NULL,
    email character varying(254) NOT NULL,
    subject character varying(200) NOT NULL,
    message text NOT NULL,
    created_at timestamp with time zone NOT NULL
);


ALTER TABLE public.my_app_contact OWNER TO realestate_user;

--
-- Name: my_app_contact_id_seq; Type: SEQUENCE; Schema: public; Owner: realestate_user
--

ALTER TABLE public.my_app_contact ALTER COLUMN id ADD GENERATED BY DEFAULT AS IDENTITY (
    SEQUENCE NAME public.my_app_contact_id_seq
    START WITH 1
    INCREMENT BY 1
    NO MINVALUE
    NO MAXVALUE
    CACHE 1
);


--
-- Name: my_app_leadrequest; Type: TABLE; Schema: public; Owner: realestate_user
--

CREATE TABLE public.my_app_leadrequest (
    id bigint NOT NULL,
    name character varying(100) NOT NULL,
    email character varying(254) NOT NULL,
    whatsapp character varying(15) NOT NULL,
    is_verified boolean NOT NULL,
    created_at timestamp with time zone NOT NULL,
    property_id bigint NOT NULL
);


ALTER TABLE public.my_app_leadrequest OWNER TO realestate_user;

--
-- Name: my_app_leadrequest_id_seq; Type: SEQUENCE; Schema: public; Owner: realestate_user
--

ALTER TABLE public.my_app_leadrequest ALTER COLUMN id ADD GENERATED BY DEFAULT AS IDENTITY (
    SEQUENCE NAME public.my_app_leadrequest_id_seq
    START WITH 1
    INCREMENT BY 1
    NO MINVALUE
    NO MAXVALUE
    CACHE 1
);


--
-- Name: my_app_lease; Type: TABLE; Schema: public; Owner: realestate_user
--

CREATE TABLE public.my_app_lease (
    id bigint NOT NULL,
    area character varying(100),
    price numeric(10,2),
    owner_name character varying(100),
    contact_number character varying(15),
    description text,
    is_approved boolean NOT NULL,
    city_id bigint NOT NULL,
    location_id bigint NOT NULL,
    property_type_id bigint,
    terms_and_conditions text,
    owner_user_id integer NOT NULL,
    contact_name character varying(100)
);


ALTER TABLE public.my_app_lease OWNER TO realestate_user;

--
-- Name: my_app_lease_id_seq; Type: SEQUENCE; Schema: public; Owner: realestate_user
--

ALTER TABLE public.my_app_lease ALTER COLUMN id ADD GENERATED BY DEFAULT AS IDENTITY (
    SEQUENCE NAME public.my_app_lease_id_seq
    START WITH 1
    INCREMENT BY 1
    NO MINVALUE
    NO MAXVALUE
    CACHE 1
);


--
-- Name: my_app_leaseimage; Type: TABLE; Schema: public; Owner: realestate_user
--

CREATE TABLE public.my_app_leaseimage (
    id bigint NOT NULL,
    image character varying(255) NOT NULL,
    lease_id bigint NOT NULL
);


ALTER TABLE public.my_app_leaseimage OWNER TO realestate_user;

--
-- Name: my_app_leaseimage_id_seq; Type: SEQUENCE; Schema: public; Owner: realestate_user
--

ALTER TABLE public.my_app_leaseimage ALTER COLUMN id ADD GENERATED BY DEFAULT AS IDENTITY (
    SEQUENCE NAME public.my_app_leaseimage_id_seq
    START WITH 1
    INCREMENT BY 1
    NO MINVALUE
    NO MAXVALUE
    CACHE 1
);


--
-- Name: my_app_location; Type: TABLE; Schema: public; Owner: realestate_user
--

CREATE TABLE public.my_app_location (
    id bigint NOT NULL,
    name character varying(100) NOT NULL,
    city_id bigint NOT NULL
);


ALTER TABLE public.my_app_location OWNER TO realestate_user;

--
-- Name: my_app_location_id_seq; Type: SEQUENCE; Schema: public; Owner: realestate_user
--

ALTER TABLE public.my_app_location ALTER COLUMN id ADD GENERATED BY DEFAULT AS IDENTITY (
    SEQUENCE NAME public.my_app_location_id_seq
    START WITH 1
    INCREMENT BY 1
    NO MINVALUE
    NO MAXVALUE
    CACHE 1
);


--
-- Name: my_app_newproject; Type: TABLE; Schema: public; Owner: realestate_user
--

CREATE TABLE public.my_app_newproject (
    id bigint NOT NULL,
    title character varying(200),
    image character varying(255) NOT NULL,
    summary text,
    brochure character varying(100) NOT NULL
);


ALTER TABLE public.my_app_newproject OWNER TO realestate_user;

--
-- Name: my_app_newproject_id_seq; Type: SEQUENCE; Schema: public; Owner: realestate_user
--

ALTER TABLE public.my_app_newproject ALTER COLUMN id ADD GENERATED BY DEFAULT AS IDENTITY (
    SEQUENCE NAME public.my_app_newproject_id_seq
    START WITH 1
    INCREMENT BY 1
    NO MINVALUE
    NO MAXVALUE
    CACHE 1
);


--
-- Name: my_app_property; Type: TABLE; Schema: public; Owner: realestate_user
--

CREATE TABLE public.my_app_property (
    id bigint NOT NULL,
    price integer NOT NULL,
    area integer,
    description text NOT NULL,
    facing character varying(50),
    ownership character varying(100),
    transaction_type character varying(100),
    agent_phone character varying(15),
    brochure character varying(255) NOT NULL,
    posted_on timestamp with time zone NOT NULL,
    is_approved boolean NOT NULL,
    city_id bigint,
    location_id bigint,
    posted_by_id integer,
    property_type_id bigint,
    purpose_id bigint,
    CONSTRAINT my_app_property_area_check CHECK ((area >= 0)),
    CONSTRAINT my_app_property_price_check CHECK ((price >= 0))
);


ALTER TABLE public.my_app_property OWNER TO realestate_user;

--
-- Name: my_app_property_id_seq; Type: SEQUENCE; Schema: public; Owner: realestate_user
--

ALTER TABLE public.my_app_property ALTER COLUMN id ADD GENERATED BY DEFAULT AS IDENTITY (
    SEQUENCE NAME public.my_app_property_id_seq
    START WITH 1
    INCREMENT BY 1
    NO MINVALUE
    NO MAXVALUE
    CACHE 1
);


--
-- Name: my_app_propertyimage; Type: TABLE; Schema: public; Owner: realestate_user
--

CREATE TABLE public.my_app_propertyimage (
    id bigint NOT NULL,
    image character varying(255) NOT NULL,
    property_id bigint NOT NULL
);


ALTER TABLE public.my_app_propertyimage OWNER TO realestate_user;

--
-- Name: my_app_propertyimage_id_seq; Type: SEQUENCE; Schema: public; Owner: realestate_user
--

ALTER TABLE public.my_app_propertyimage ALTER COLUMN id ADD GENERATED BY DEFAULT AS IDENTITY (
    SEQUENCE NAME public.my_app_propertyimage_id_seq
    START WITH 1
    INCREMENT BY 1
    NO MINVALUE
    NO MAXVALUE
    CACHE 1
);


--
-- Name: my_app_propertytype; Type: TABLE; Schema: public; Owner: realestate_user
--

CREATE TABLE public.my_app_propertytype (
    id bigint NOT NULL,
    name character varying(50) NOT NULL
);


ALTER TABLE public.my_app_propertytype OWNER TO realestate_user;

--
-- Name: my_app_propertytype_id_seq; Type: SEQUENCE; Schema: public; Owner: realestate_user
--

ALTER TABLE public.my_app_propertytype ALTER COLUMN id ADD GENERATED BY DEFAULT AS IDENTITY (
    SEQUENCE NAME public.my_app_propertytype_id_seq
    START WITH 1
    INCREMENT BY 1
    NO MINVALUE
    NO MAXVALUE
    CACHE 1
);


--
-- Name: my_app_purpose; Type: TABLE; Schema: public; Owner: realestate_user
--

CREATE TABLE public.my_app_purpose (
    id bigint NOT NULL,
    name character varying(50) NOT NULL
);


ALTER TABLE public.my_app_purpose OWNER TO realestate_user;

--
-- Name: my_app_purpose_id_seq; Type: SEQUENCE; Schema: public; Owner: realestate_user
--

ALTER TABLE public.my_app_purpose ALTER COLUMN id ADD GENERATED BY DEFAULT AS IDENTITY (
    SEQUENCE NAME public.my_app_purpose_id_seq
    START WITH 1
    INCREMENT BY 1
    NO MINVALUE
    NO MAXVALUE
    CACHE 1
);


--
-- Data for Name: auth_group; Type: TABLE DATA; Schema: public; Owner: realestate_user
--

COPY public.auth_group (id, name) FROM stdin;
\.


--
-- Data for Name: auth_group_permissions; Type: TABLE DATA; Schema: public; Owner: realestate_user
--

COPY public.auth_group_permissions (id, group_id, permission_id) FROM stdin;
\.


--
-- Data for Name: auth_permission; Type: TABLE DATA; Schema: public; Owner: realestate_user
--

COPY public.auth_permission (id, name, content_type_id, codename) FROM stdin;
1	Can add log entry	1	add_logentry
2	Can change log entry	1	change_logentry
3	Can delete log entry	1	delete_logentry
4	Can view log entry	1	view_logentry
5	Can add permission	2	add_permission
6	Can change permission	2	change_permission
7	Can delete permission	2	delete_permission
8	Can view permission	2	view_permission
9	Can add group	3	add_group
10	Can change group	3	change_group
11	Can delete group	3	delete_group
12	Can view group	3	view_group
13	Can add user	4	add_user
14	Can change user	4	change_user
15	Can delete user	4	delete_user
16	Can view user	4	view_user
17	Can add content type	5	add_contenttype
18	Can change content type	5	change_contenttype
19	Can delete content type	5	delete_contenttype
20	Can view content type	5	view_contenttype
21	Can add session	6	add_session
22	Can change session	6	change_session
23	Can delete session	6	delete_session
24	Can view session	6	view_session
25	Can add city	7	add_city
26	Can change city	7	change_city
27	Can delete city	7	delete_city
28	Can view city	7	view_city
29	Can add new project	8	add_newproject
30	Can change new project	8	change_newproject
31	Can delete new project	8	delete_newproject
32	Can view new project	8	view_newproject
33	Can add property type	9	add_propertytype
34	Can change property type	9	change_propertytype
35	Can delete property type	9	delete_propertytype
36	Can view property type	9	view_propertytype
37	Can add purpose	10	add_purpose
38	Can change purpose	10	change_purpose
39	Can delete purpose	10	delete_purpose
40	Can view purpose	10	view_purpose
41	Can add location	11	add_location
42	Can change location	11	change_location
43	Can delete location	11	delete_location
44	Can view location	11	view_location
45	Can add property	12	add_property
46	Can change property	12	change_property
47	Can delete property	12	delete_property
48	Can view property	12	view_property
49	Can add lead request	13	add_leadrequest
50	Can change lead request	13	change_leadrequest
51	Can delete lead request	13	delete_leadrequest
52	Can view lead request	13	view_leadrequest
53	Can add property image	14	add_propertyimage
54	Can change property image	14	change_propertyimage
55	Can delete property image	14	delete_propertyimage
56	Can view property image	14	view_propertyimage
57	Can add lease	15	add_lease
58	Can change lease	15	change_lease
59	Can delete lease	15	delete_lease
60	Can view lease	15	view_lease
61	Can add lease image	16	add_leaseimage
62	Can change lease image	16	change_leaseimage
63	Can delete lease image	16	delete_leaseimage
64	Can view lease image	16	view_leaseimage
65	Can add contact	17	add_contact
66	Can change contact	17	change_contact
67	Can delete contact	17	delete_contact
68	Can view contact	17	view_contact
\.


--
-- Data for Name: auth_user; Type: TABLE DATA; Schema: public; Owner: realestate_user
--

COPY public.auth_user (id, password, last_login, is_superuser, username, first_name, last_name, email, is_staff, is_active, date_joined) FROM stdin;
\.


--
-- Data for Name: auth_user_groups; Type: TABLE DATA; Schema: public; Owner: realestate_user
--

COPY public.auth_user_groups (id, user_id, group_id) FROM stdin;
\.


--
-- Data for Name: auth_user_user_permissions; Type: TABLE DATA; Schema: public; Owner: realestate_user
--

COPY public.auth_user_user_permissions (id, user_id, permission_id) FROM stdin;
\.


--
-- Data for Name: django_admin_log; Type: TABLE DATA; Schema: public; Owner: realestate_user
--

COPY public.django_admin_log (id, action_time, object_id, object_repr, action_flag, change_message, content_type_id, user_id) FROM stdin;
\.


--
-- Data for Name: django_content_type; Type: TABLE DATA; Schema: public; Owner: realestate_user
--

COPY public.django_content_type (id, app_label, model) FROM stdin;
1	admin	logentry
2	auth	permission
3	auth	group
4	auth	user
5	contenttypes	contenttype
6	sessions	session
7	my_app	city
8	my_app	newproject
9	my_app	propertytype
10	my_app	purpose
11	my_app	location
12	my_app	property
13	my_app	leadrequest
14	my_app	propertyimage
15	my_app	lease
16	my_app	leaseimage
17	my_app	contact
\.


--
-- Data for Name: django_migrations; Type: TABLE DATA; Schema: public; Owner: realestate_user
--

COPY public.django_migrations (id, app, name, applied) FROM stdin;
1	contenttypes	0001_initial	2025-08-21 04:16:14.518232+00
2	auth	0001_initial	2025-08-21 04:16:14.55469+00
3	admin	0001_initial	2025-08-21 04:16:14.567089+00
4	admin	0002_logentry_remove_auto_add	2025-08-21 04:16:14.572265+00
5	admin	0003_logentry_add_action_flag_choices	2025-08-21 04:16:14.577062+00
6	contenttypes	0002_remove_content_type_name	2025-08-21 04:16:14.587276+00
7	auth	0002_alter_permission_name_max_length	2025-08-21 04:16:14.592038+00
8	auth	0003_alter_user_email_max_length	2025-08-21 04:16:14.596873+00
9	auth	0004_alter_user_username_opts	2025-08-21 04:16:14.60227+00
10	auth	0005_alter_user_last_login_null	2025-08-21 04:16:14.607345+00
11	auth	0006_require_contenttypes_0002	2025-08-21 04:16:14.608659+00
12	auth	0007_alter_validators_add_error_messages	2025-08-21 04:16:14.613266+00
13	auth	0008_alter_user_username_max_length	2025-08-21 04:16:14.619266+00
14	auth	0009_alter_user_last_name_max_length	2025-08-21 04:16:14.62402+00
15	auth	0010_alter_group_name_max_length	2025-08-21 04:16:14.629555+00
16	auth	0011_update_proxy_permissions	2025-08-21 04:16:14.634855+00
17	auth	0012_alter_user_first_name_max_length	2025-08-21 04:16:14.638514+00
18	my_app	0001_initial	2025-08-21 04:16:14.689466+00
19	my_app	0002_remove_lease_image_and_more	2025-08-21 04:16:14.749937+00
20	my_app	0003_remove_lease_description_remove_lease_is_approved_and_more	2025-08-21 04:16:14.776656+00
21	my_app	0004_lease_description	2025-08-21 04:16:14.780459+00
22	my_app	0005_lease_property_alter_lease_city_alter_lease_location	2025-08-21 04:16:14.809906+00
23	my_app	0006_lease_is_approved	2025-08-21 04:16:14.816567+00
24	my_app	0007_sell_sellimage	2025-08-21 04:16:14.838869+00
25	my_app	0008_lease_owner	2025-08-21 04:16:14.850473+00
26	my_app	0009_sell_purpose	2025-08-21 04:16:14.85993+00
27	my_app	0010_alter_lease_owner	2025-08-21 04:16:14.871308+00
28	my_app	0011_sell_area_sell_email_sell_mobile_sell_name_and_more	2025-08-21 04:16:14.92501+00
29	my_app	0012_remove_sell_title	2025-08-21 04:16:14.930224+00
30	my_app	0013_sell_is_approved	2025-08-21 04:16:14.935581+00
31	my_app	0014_remove_leaseimage_lease_remove_sell_city_and_more	2025-08-21 04:16:14.980803+00
32	my_app	0015_property_terms_and_conditions	2025-08-21 04:16:14.989989+00
33	my_app	0016_remove_property_terms_and_conditions_lease_and_more	2025-08-21 04:16:15.018941+00
34	my_app	0017_remove_lease_created_at_remove_lease_updated_at_and_more	2025-08-21 04:16:15.051876+00
35	my_app	0018_lease_property_type	2025-08-21 04:16:15.062435+00
36	my_app	0019_remove_leaseimage_lease_delete_lease_and_more	2025-08-21 04:16:15.073582+00
37	my_app	0020_lease_leaseimage	2025-08-21 04:16:15.098843+00
38	my_app	0021_lease_property_type_lease_terms_and_conditions	2025-08-21 04:16:15.113852+00
39	my_app	0022_rename_contact_name_lease_owner_name_and_more	2025-08-21 04:16:15.137136+00
40	my_app	0023_lease_owner_user	2025-08-21 04:16:15.149464+00
41	my_app	0024_lease_contact_name	2025-08-21 04:16:15.156393+00
42	my_app	0025_alter_leaseimage_image_alter_propertyimage_image	2025-08-21 04:16:15.166174+00
43	my_app	0026_alter_propertyimage_image	2025-08-21 04:16:15.173346+00
44	my_app	0027_alter_leaseimage_image	2025-08-21 04:16:15.179668+00
45	my_app	0028_alter_leaseimage_image_alter_newproject_brochure_and_more	2025-08-21 04:16:15.194517+00
46	my_app	0029_alter_newproject_brochure_alter_newproject_image_and_more	2025-08-21 04:16:15.204876+00
47	my_app	0030_alter_newproject_brochure_alter_property_brochure	2025-08-21 04:16:15.211544+00
48	my_app	0031_alter_newproject_brochure	2025-08-21 04:16:15.216202+00
49	my_app	0032_remove_newproject_brochure_newproject_brochure_url	2025-08-21 04:16:15.219264+00
50	my_app	0033_contact	2025-08-21 04:16:15.223533+00
51	my_app	0034_remove_newproject_brochure_url_newproject_brochure	2025-08-21 04:16:15.226869+00
52	sessions	0001_initial	2025-08-21 04:16:15.232737+00
\.


--
-- Data for Name: django_session; Type: TABLE DATA; Schema: public; Owner: realestate_user
--

COPY public.django_session (session_key, session_data, expire_date) FROM stdin;
\.


--
-- Data for Name: my_app_city; Type: TABLE DATA; Schema: public; Owner: realestate_user
--

COPY public.my_app_city (id, name) FROM stdin;
\.


--
-- Data for Name: my_app_contact; Type: TABLE DATA; Schema: public; Owner: realestate_user
--

COPY public.my_app_contact (id, name, email, subject, message, created_at) FROM stdin;
\.


--
-- Data for Name: my_app_leadrequest; Type: TABLE DATA; Schema: public; Owner: realestate_user
--

COPY public.my_app_leadrequest (id, name, email, whatsapp, is_verified, created_at, property_id) FROM stdin;
\.


--
-- Data for Name: my_app_lease; Type: TABLE DATA; Schema: public; Owner: realestate_user
--

COPY public.my_app_lease (id, area, price, owner_name, contact_number, description, is_approved, city_id, location_id, property_type_id, terms_and_conditions, owner_user_id, contact_name) FROM stdin;
\.


--
-- Data for Name: my_app_leaseimage; Type: TABLE DATA; Schema: public; Owner: realestate_user
--

COPY public.my_app_leaseimage (id, image, lease_id) FROM stdin;
\.


--
-- Data for Name: my_app_location; Type: TABLE DATA; Schema: public; Owner: realestate_user
--

COPY public.my_app_location (id, name, city_id) FROM stdin;
\.


--
-- Data for Name: my_app_newproject; Type: TABLE DATA; Schema: public; Owner: realestate_user
--

COPY public.my_app_newproject (id, title, image, summary, brochure) FROM stdin;
\.


--
-- Data for Name: my_app_property; Type: TABLE DATA; Schema: public; Owner: realestate_user
--

COPY public.my_app_property (id, price, area, description, facing, ownership, transaction_type, agent_phone, brochure, posted_on, is_approved, city_id, location_id, posted_by_id, property_type_id, purpose_id) FROM stdin;
\.


--
-- Data for Name: my_app_propertyimage; Type: TABLE DATA; Schema: public; Owner: realestate_user
--

COPY public.my_app_propertyimage (id, image, property_id) FROM stdin;
\.


--
-- Data for Name: my_app_propertytype; Type: TABLE DATA; Schema: public; Owner: realestate_user
--

COPY public.my_app_propertytype (id, name) FROM stdin;
\.


--
-- Data for Name: my_app_purpose; Type: TABLE DATA; Schema: public; Owner: realestate_user
--

COPY public.my_app_purpose (id, name) FROM stdin;
\.


--
-- Name: auth_group_id_seq; Type: SEQUENCE SET; Schema: public; Owner: realestate_user
--

SELECT pg_catalog.setval('public.auth_group_id_seq', 1, false);


--
-- Name: auth_group_permissions_id_seq; Type: SEQUENCE SET; Schema: public; Owner: realestate_user
--

SELECT pg_catalog.setval('public.auth_group_permissions_id_seq', 1, false);


--
-- Name: auth_permission_id_seq; Type: SEQUENCE SET; Schema: public; Owner: realestate_user
--

SELECT pg_catalog.setval('public.auth_permission_id_seq', 68, true);


--
-- Name: auth_user_groups_id_seq; Type: SEQUENCE SET; Schema: public; Owner: realestate_user
--

SELECT pg_catalog.setval('public.auth_user_groups_id_seq', 1, false);


--
-- Name: auth_user_id_seq; Type: SEQUENCE SET; Schema: public; Owner: realestate_user
--

SELECT pg_catalog.setval('public.auth_user_id_seq', 1, false);


--
-- Name: auth_user_user_permissions_id_seq; Type: SEQUENCE SET; Schema: public; Owner: realestate_user
--

SELECT pg_catalog.setval('public.auth_user_user_permissions_id_seq', 1, false);


--
-- Name: django_admin_log_id_seq; Type: SEQUENCE SET; Schema: public; Owner: realestate_user
--

SELECT pg_catalog.setval('public.django_admin_log_id_seq', 1, false);


--
-- Name: django_content_type_id_seq; Type: SEQUENCE SET; Schema: public; Owner: realestate_user
--

SELECT pg_catalog.setval('public.django_content_type_id_seq', 17, true);


--
-- Name: django_migrations_id_seq; Type: SEQUENCE SET; Schema: public; Owner: realestate_user
--

SELECT pg_catalog.setval('public.django_migrations_id_seq', 52, true);


--
-- Name: my_app_city_id_seq; Type: SEQUENCE SET; Schema: public; Owner: realestate_user
--

SELECT pg_catalog.setval('public.my_app_city_id_seq', 1, false);


--
-- Name: my_app_contact_id_seq; Type: SEQUENCE SET; Schema: public; Owner: realestate_user
--

SELECT pg_catalog.setval('public.my_app_contact_id_seq', 1, false);


--
-- Name: my_app_leadrequest_id_seq; Type: SEQUENCE SET; Schema: public; Owner: realestate_user
--

SELECT pg_catalog.setval('public.my_app_leadrequest_id_seq', 1, false);


--
-- Name: my_app_lease_id_seq; Type: SEQUENCE SET; Schema: public; Owner: realestate_user
--

SELECT pg_catalog.setval('public.my_app_lease_id_seq', 1, false);


--
-- Name: my_app_leaseimage_id_seq; Type: SEQUENCE SET; Schema: public; Owner: realestate_user
--

SELECT pg_catalog.setval('public.my_app_leaseimage_id_seq', 1, false);


--
-- Name: my_app_location_id_seq; Type: SEQUENCE SET; Schema: public; Owner: realestate_user
--

SELECT pg_catalog.setval('public.my_app_location_id_seq', 1, false);


--
-- Name: my_app_newproject_id_seq; Type: SEQUENCE SET; Schema: public; Owner: realestate_user
--

SELECT pg_catalog.setval('public.my_app_newproject_id_seq', 1, false);


--
-- Name: my_app_property_id_seq; Type: SEQUENCE SET; Schema: public; Owner: realestate_user
--

SELECT pg_catalog.setval('public.my_app_property_id_seq', 1, false);


--
-- Name: my_app_propertyimage_id_seq; Type: SEQUENCE SET; Schema: public; Owner: realestate_user
--

SELECT pg_catalog.setval('public.my_app_propertyimage_id_seq', 1, false);


--
-- Name: my_app_propertytype_id_seq; Type: SEQUENCE SET; Schema: public; Owner: realestate_user
--

SELECT pg_catalog.setval('public.my_app_propertytype_id_seq', 1, false);


--
-- Name: my_app_purpose_id_seq; Type: SEQUENCE SET; Schema: public; Owner: realestate_user
--

SELECT pg_catalog.setval('public.my_app_purpose_id_seq', 1, false);


--
-- Name: auth_group auth_group_name_key; Type: CONSTRAINT; Schema: public; Owner: realestate_user
--

ALTER TABLE ONLY public.auth_group
    ADD CONSTRAINT auth_group_name_key UNIQUE (name);


--
-- Name: auth_group_permissions auth_group_permissions_group_id_permission_id_0cd325b0_uniq; Type: CONSTRAINT; Schema: public; Owner: realestate_user
--

ALTER TABLE ONLY public.auth_group_permissions
    ADD CONSTRAINT auth_group_permissions_group_id_permission_id_0cd325b0_uniq UNIQUE (group_id, permission_id);


--
-- Name: auth_group_permissions auth_group_permissions_pkey; Type: CONSTRAINT; Schema: public; Owner: realestate_user
--

ALTER TABLE ONLY public.auth_group_permissions
    ADD CONSTRAINT auth_group_permissions_pkey PRIMARY KEY (id);


--
-- Name: auth_group auth_group_pkey; Type: CONSTRAINT; Schema: public; Owner: realestate_user
--

ALTER TABLE ONLY public.auth_group
    ADD CONSTRAINT auth_group_pkey PRIMARY KEY (id);


--
-- Name: auth_permission auth_permission_content_type_id_codename_01ab375a_uniq; Type: CONSTRAINT; Schema: public; Owner: realestate_user
--

ALTER TABLE ONLY public.auth_permission
    ADD CONSTRAINT auth_permission_content_type_id_codename_01ab375a_uniq UNIQUE (content_type_id, codename);


--
-- Name: auth_permission auth_permission_pkey; Type: CONSTRAINT; Schema: public; Owner: realestate_user
--

ALTER TABLE ONLY public.auth_permission
    ADD CONSTRAINT auth_permission_pkey PRIMARY KEY (id);


--
-- Name: auth_user_groups auth_user_groups_pkey; Type: CONSTRAINT; Schema: public; Owner: realestate_user
--

ALTER TABLE ONLY public.auth_user_groups
    ADD CONSTRAINT auth_user_groups_pkey PRIMARY KEY (id);


--
-- Name: auth_user_groups auth_user_groups_user_id_group_id_94350c0c_uniq; Type: CONSTRAINT; Schema: public; Owner: realestate_user
--

ALTER TABLE ONLY public.auth_user_groups
    ADD CONSTRAINT auth_user_groups_user_id_group_id_94350c0c_uniq UNIQUE (user_id, group_id);


--
-- Name: auth_user auth_user_pkey; Type: CONSTRAINT; Schema: public; Owner: realestate_user
--

ALTER TABLE ONLY public.auth_user
    ADD CONSTRAINT auth_user_pkey PRIMARY KEY (id);


--
-- Name: auth_user_user_permissions auth_user_user_permissions_pkey; Type: CONSTRAINT; Schema: public; Owner: realestate_user
--

ALTER TABLE ONLY public.auth_user_user_permissions
    ADD CONSTRAINT auth_user_user_permissions_pkey PRIMARY KEY (id);


--
-- Name: auth_user_user_permissions auth_user_user_permissions_user_id_permission_id_14a6b632_uniq; Type: CONSTRAINT; Schema: public; Owner: realestate_user
--

ALTER TABLE ONLY public.auth_user_user_permissions
    ADD CONSTRAINT auth_user_user_permissions_user_id_permission_id_14a6b632_uniq UNIQUE (user_id, permission_id);


--
-- Name: auth_user auth_user_username_key; Type: CONSTRAINT; Schema: public; Owner: realestate_user
--

ALTER TABLE ONLY public.auth_user
    ADD CONSTRAINT auth_user_username_key UNIQUE (username);


--
-- Name: django_admin_log django_admin_log_pkey; Type: CONSTRAINT; Schema: public; Owner: realestate_user
--

ALTER TABLE ONLY public.django_admin_log
    ADD CONSTRAINT django_admin_log_pkey PRIMARY KEY (id);


--
-- Name: django_content_type django_content_type_app_label_model_76bd3d3b_uniq; Type: CONSTRAINT; Schema: public; Owner: realestate_user
--

ALTER TABLE ONLY public.django_content_type
    ADD CONSTRAINT django_content_type_app_label_model_76bd3d3b_uniq UNIQUE (app_label, model);


--
-- Name: django_content_type django_content_type_pkey; Type: CONSTRAINT; Schema: public; Owner: realestate_user
--

ALTER TABLE ONLY public.django_content_type
    ADD CONSTRAINT django_content_type_pkey PRIMARY KEY (id);


--
-- Name: django_migrations django_migrations_pkey; Type: CONSTRAINT; Schema: public; Owner: realestate_user
--

ALTER TABLE ONLY public.django_migrations
    ADD CONSTRAINT django_migrations_pkey PRIMARY KEY (id);


--
-- Name: django_session django_session_pkey; Type: CONSTRAINT; Schema: public; Owner: realestate_user
--

ALTER TABLE ONLY public.django_session
    ADD CONSTRAINT django_session_pkey PRIMARY KEY (session_key);


--
-- Name: my_app_city my_app_city_pkey; Type: CONSTRAINT; Schema: public; Owner: realestate_user
--

ALTER TABLE ONLY public.my_app_city
    ADD CONSTRAINT my_app_city_pkey PRIMARY KEY (id);


--
-- Name: my_app_contact my_app_contact_pkey; Type: CONSTRAINT; Schema: public; Owner: realestate_user
--

ALTER TABLE ONLY public.my_app_contact
    ADD CONSTRAINT my_app_contact_pkey PRIMARY KEY (id);


--
-- Name: my_app_leadrequest my_app_leadrequest_pkey; Type: CONSTRAINT; Schema: public; Owner: realestate_user
--

ALTER TABLE ONLY public.my_app_leadrequest
    ADD CONSTRAINT my_app_leadrequest_pkey PRIMARY KEY (id);


--
-- Name: my_app_lease my_app_lease_pkey; Type: CONSTRAINT; Schema: public; Owner: realestate_user
--

ALTER TABLE ONLY public.my_app_lease
    ADD CONSTRAINT my_app_lease_pkey PRIMARY KEY (id);


--
-- Name: my_app_leaseimage my_app_leaseimage_pkey; Type: CONSTRAINT; Schema: public; Owner: realestate_user
--

ALTER TABLE ONLY public.my_app_leaseimage
    ADD CONSTRAINT my_app_leaseimage_pkey PRIMARY KEY (id);


--
-- Name: my_app_location my_app_location_pkey; Type: CONSTRAINT; Schema: public; Owner: realestate_user
--

ALTER TABLE ONLY public.my_app_location
    ADD CONSTRAINT my_app_location_pkey PRIMARY KEY (id);


--
-- Name: my_app_newproject my_app_newproject_pkey; Type: CONSTRAINT; Schema: public; Owner: realestate_user
--

ALTER TABLE ONLY public.my_app_newproject
    ADD CONSTRAINT my_app_newproject_pkey PRIMARY KEY (id);


--
-- Name: my_app_property my_app_property_pkey; Type: CONSTRAINT; Schema: public; Owner: realestate_user
--

ALTER TABLE ONLY public.my_app_property
    ADD CONSTRAINT my_app_property_pkey PRIMARY KEY (id);


--
-- Name: my_app_propertyimage my_app_propertyimage_pkey; Type: CONSTRAINT; Schema: public; Owner: realestate_user
--

ALTER TABLE ONLY public.my_app_propertyimage
    ADD CONSTRAINT my_app_propertyimage_pkey PRIMARY KEY (id);


--
-- Name: my_app_propertytype my_app_propertytype_pkey; Type: CONSTRAINT; Schema: public; Owner: realestate_user
--

ALTER TABLE ONLY public.my_app_propertytype
    ADD CONSTRAINT my_app_propertytype_pkey PRIMARY KEY (id);


--
-- Name: my_app_purpose my_app_purpose_pkey; Type: CONSTRAINT; Schema: public; Owner: realestate_user
--

ALTER TABLE ONLY public.my_app_purpose
    ADD CONSTRAINT my_app_purpose_pkey PRIMARY KEY (id);


--
-- Name: auth_group_name_a6ea08ec_like; Type: INDEX; Schema: public; Owner: realestate_user
--

CREATE INDEX auth_group_name_a6ea08ec_like ON public.auth_group USING btree (name varchar_pattern_ops);


--
-- Name: auth_group_permissions_group_id_b120cbf9; Type: INDEX; Schema: public; Owner: realestate_user
--

CREATE INDEX auth_group_permissions_group_id_b120cbf9 ON public.auth_group_permissions USING btree (group_id);


--
-- Name: auth_group_permissions_permission_id_84c5c92e; Type: INDEX; Schema: public; Owner: realestate_user
--

CREATE INDEX auth_group_permissions_permission_id_84c5c92e ON public.auth_group_permissions USING btree (permission_id);


--
-- Name: auth_permission_content_type_id_2f476e4b; Type: INDEX; Schema: public; Owner: realestate_user
--

CREATE INDEX auth_permission_content_type_id_2f476e4b ON public.auth_permission USING btree (content_type_id);


--
-- Name: auth_user_groups_group_id_97559544; Type: INDEX; Schema: public; Owner: realestate_user
--

CREATE INDEX auth_user_groups_group_id_97559544 ON public.auth_user_groups USING btree (group_id);


--
-- Name: auth_user_groups_user_id_6a12ed8b; Type: INDEX; Schema: public; Owner: realestate_user
--

CREATE INDEX auth_user_groups_user_id_6a12ed8b ON public.auth_user_groups USING btree (user_id);


--
-- Name: auth_user_user_permissions_permission_id_1fbb5f2c; Type: INDEX; Schema: public; Owner: realestate_user
--

CREATE INDEX auth_user_user_permissions_permission_id_1fbb5f2c ON public.auth_user_user_permissions USING btree (permission_id);


--
-- Name: auth_user_user_permissions_user_id_a95ead1b; Type: INDEX; Schema: public; Owner: realestate_user
--

CREATE INDEX auth_user_user_permissions_user_id_a95ead1b ON public.auth_user_user_permissions USING btree (user_id);


--
-- Name: auth_user_username_6821ab7c_like; Type: INDEX; Schema: public; Owner: realestate_user
--

CREATE INDEX auth_user_username_6821ab7c_like ON public.auth_user USING btree (username varchar_pattern_ops);


--
-- Name: django_admin_log_content_type_id_c4bce8eb; Type: INDEX; Schema: public; Owner: realestate_user
--

CREATE INDEX django_admin_log_content_type_id_c4bce8eb ON public.django_admin_log USING btree (content_type_id);


--
-- Name: django_admin_log_user_id_c564eba6; Type: INDEX; Schema: public; Owner: realestate_user
--

CREATE INDEX django_admin_log_user_id_c564eba6 ON public.django_admin_log USING btree (user_id);


--
-- Name: django_session_expire_date_a5c62663; Type: INDEX; Schema: public; Owner: realestate_user
--

CREATE INDEX django_session_expire_date_a5c62663 ON public.django_session USING btree (expire_date);


--
-- Name: django_session_session_key_c0390e0f_like; Type: INDEX; Schema: public; Owner: realestate_user
--

CREATE INDEX django_session_session_key_c0390e0f_like ON public.django_session USING btree (session_key varchar_pattern_ops);


--
-- Name: my_app_leadrequest_property_id_028cd4f8; Type: INDEX; Schema: public; Owner: realestate_user
--

CREATE INDEX my_app_leadrequest_property_id_028cd4f8 ON public.my_app_leadrequest USING btree (property_id);


--
-- Name: my_app_lease_city_id_bcbf194b; Type: INDEX; Schema: public; Owner: realestate_user
--

CREATE INDEX my_app_lease_city_id_bcbf194b ON public.my_app_lease USING btree (city_id);


--
-- Name: my_app_lease_location_id_0aae9829; Type: INDEX; Schema: public; Owner: realestate_user
--

CREATE INDEX my_app_lease_location_id_0aae9829 ON public.my_app_lease USING btree (location_id);


--
-- Name: my_app_lease_owner_user_id_b2e5dd2b; Type: INDEX; Schema: public; Owner: realestate_user
--

CREATE INDEX my_app_lease_owner_user_id_b2e5dd2b ON public.my_app_lease USING btree (owner_user_id);


--
-- Name: my_app_lease_property_type_id_68db43fa; Type: INDEX; Schema: public; Owner: realestate_user
--

CREATE INDEX my_app_lease_property_type_id_68db43fa ON public.my_app_lease USING btree (property_type_id);


--
-- Name: my_app_leaseimage_lease_id_58f83e80; Type: INDEX; Schema: public; Owner: realestate_user
--

CREATE INDEX my_app_leaseimage_lease_id_58f83e80 ON public.my_app_leaseimage USING btree (lease_id);


--
-- Name: my_app_location_city_id_38f84d22; Type: INDEX; Schema: public; Owner: realestate_user
--

CREATE INDEX my_app_location_city_id_38f84d22 ON public.my_app_location USING btree (city_id);


--
-- Name: my_app_property_city_id_a06baec5; Type: INDEX; Schema: public; Owner: realestate_user
--

CREATE INDEX my_app_property_city_id_a06baec5 ON public.my_app_property USING btree (city_id);


--
-- Name: my_app_property_location_id_d25610b5; Type: INDEX; Schema: public; Owner: realestate_user
--

CREATE INDEX my_app_property_location_id_d25610b5 ON public.my_app_property USING btree (location_id);


--
-- Name: my_app_property_posted_by_id_86274f9e; Type: INDEX; Schema: public; Owner: realestate_user
--

CREATE INDEX my_app_property_posted_by_id_86274f9e ON public.my_app_property USING btree (posted_by_id);


--
-- Name: my_app_property_property_type_id_b1f96355; Type: INDEX; Schema: public; Owner: realestate_user
--

CREATE INDEX my_app_property_property_type_id_b1f96355 ON public.my_app_property USING btree (property_type_id);


--
-- Name: my_app_property_purpose_id_9b332c71; Type: INDEX; Schema: public; Owner: realestate_user
--

CREATE INDEX my_app_property_purpose_id_9b332c71 ON public.my_app_property USING btree (purpose_id);


--
-- Name: my_app_propertyimage_property_id_37295f48; Type: INDEX; Schema: public; Owner: realestate_user
--

CREATE INDEX my_app_propertyimage_property_id_37295f48 ON public.my_app_propertyimage USING btree (property_id);


--
-- Name: auth_group_permissions auth_group_permissio_permission_id_84c5c92e_fk_auth_perm; Type: FK CONSTRAINT; Schema: public; Owner: realestate_user
--

ALTER TABLE ONLY public.auth_group_permissions
    ADD CONSTRAINT auth_group_permissio_permission_id_84c5c92e_fk_auth_perm FOREIGN KEY (permission_id) REFERENCES public.auth_permission(id) DEFERRABLE INITIALLY DEFERRED;


--
-- Name: auth_group_permissions auth_group_permissions_group_id_b120cbf9_fk_auth_group_id; Type: FK CONSTRAINT; Schema: public; Owner: realestate_user
--

ALTER TABLE ONLY public.auth_group_permissions
    ADD CONSTRAINT auth_group_permissions_group_id_b120cbf9_fk_auth_group_id FOREIGN KEY (group_id) REFERENCES public.auth_group(id) DEFERRABLE INITIALLY DEFERRED;


--
-- Name: auth_permission auth_permission_content_type_id_2f476e4b_fk_django_co; Type: FK CONSTRAINT; Schema: public; Owner: realestate_user
--

ALTER TABLE ONLY public.auth_permission
    ADD CONSTRAINT auth_permission_content_type_id_2f476e4b_fk_django_co FOREIGN KEY (content_type_id) REFERENCES public.django_content_type(id) DEFERRABLE INITIALLY DEFERRED;


--
-- Name: auth_user_groups auth_user_groups_group_id_97559544_fk_auth_group_id; Type: FK CONSTRAINT; Schema: public; Owner: realestate_user
--

ALTER TABLE ONLY public.auth_user_groups
    ADD CONSTRAINT auth_user_groups_group_id_97559544_fk_auth_group_id FOREIGN KEY (group_id) REFERENCES public.auth_group(id) DEFERRABLE INITIALLY DEFERRED;


--
-- Name: auth_user_groups auth_user_groups_user_id_6a12ed8b_fk_auth_user_id; Type: FK CONSTRAINT; Schema: public; Owner: realestate_user
--

ALTER TABLE ONLY public.auth_user_groups
    ADD CONSTRAINT auth_user_groups_user_id_6a12ed8b_fk_auth_user_id FOREIGN KEY (user_id) REFERENCES public.auth_user(id) DEFERRABLE INITIALLY DEFERRED;


--
-- Name: auth_user_user_permissions auth_user_user_permi_permission_id_1fbb5f2c_fk_auth_perm; Type: FK CONSTRAINT; Schema: public; Owner: realestate_user
--

ALTER TABLE ONLY public.auth_user_user_permissions
    ADD CONSTRAINT auth_user_user_permi_permission_id_1fbb5f2c_fk_auth_perm FOREIGN KEY (permission_id) REFERENCES public.auth_permission(id) DEFERRABLE INITIALLY DEFERRED;


--
-- Name: auth_user_user_permissions auth_user_user_permissions_user_id_a95ead1b_fk_auth_user_id; Type: FK CONSTRAINT; Schema: public; Owner: realestate_user
--

ALTER TABLE ONLY public.auth_user_user_permissions
    ADD CONSTRAINT auth_user_user_permissions_user_id_a95ead1b_fk_auth_user_id FOREIGN KEY (user_id) REFERENCES public.auth_user(id) DEFERRABLE INITIALLY DEFERRED;


--
-- Name: django_admin_log django_admin_log_content_type_id_c4bce8eb_fk_django_co; Type: FK CONSTRAINT; Schema: public; Owner: realestate_user
--

ALTER TABLE ONLY public.django_admin_log
    ADD CONSTRAINT django_admin_log_content_type_id_c4bce8eb_fk_django_co FOREIGN KEY (content_type_id) REFERENCES public.django_content_type(id) DEFERRABLE INITIALLY DEFERRED;


--
-- Name: django_admin_log django_admin_log_user_id_c564eba6_fk_auth_user_id; Type: FK CONSTRAINT; Schema: public; Owner: realestate_user
--

ALTER TABLE ONLY public.django_admin_log
    ADD CONSTRAINT django_admin_log_user_id_c564eba6_fk_auth_user_id FOREIGN KEY (user_id) REFERENCES public.auth_user(id) DEFERRABLE INITIALLY DEFERRED;


--
-- Name: my_app_leadrequest my_app_leadrequest_property_id_028cd4f8_fk_my_app_property_id; Type: FK CONSTRAINT; Schema: public; Owner: realestate_user
--

ALTER TABLE ONLY public.my_app_leadrequest
    ADD CONSTRAINT my_app_leadrequest_property_id_028cd4f8_fk_my_app_property_id FOREIGN KEY (property_id) REFERENCES public.my_app_property(id) DEFERRABLE INITIALLY DEFERRED;


--
-- Name: my_app_lease my_app_lease_city_id_bcbf194b_fk_my_app_city_id; Type: FK CONSTRAINT; Schema: public; Owner: realestate_user
--

ALTER TABLE ONLY public.my_app_lease
    ADD CONSTRAINT my_app_lease_city_id_bcbf194b_fk_my_app_city_id FOREIGN KEY (city_id) REFERENCES public.my_app_city(id) DEFERRABLE INITIALLY DEFERRED;


--
-- Name: my_app_lease my_app_lease_location_id_0aae9829_fk_my_app_location_id; Type: FK CONSTRAINT; Schema: public; Owner: realestate_user
--

ALTER TABLE ONLY public.my_app_lease
    ADD CONSTRAINT my_app_lease_location_id_0aae9829_fk_my_app_location_id FOREIGN KEY (location_id) REFERENCES public.my_app_location(id) DEFERRABLE INITIALLY DEFERRED;


--
-- Name: my_app_lease my_app_lease_owner_user_id_b2e5dd2b_fk_auth_user_id; Type: FK CONSTRAINT; Schema: public; Owner: realestate_user
--

ALTER TABLE ONLY public.my_app_lease
    ADD CONSTRAINT my_app_lease_owner_user_id_b2e5dd2b_fk_auth_user_id FOREIGN KEY (owner_user_id) REFERENCES public.auth_user(id) DEFERRABLE INITIALLY DEFERRED;


--
-- Name: my_app_lease my_app_lease_property_type_id_68db43fa_fk_my_app_pr; Type: FK CONSTRAINT; Schema: public; Owner: realestate_user
--

ALTER TABLE ONLY public.my_app_lease
    ADD CONSTRAINT my_app_lease_property_type_id_68db43fa_fk_my_app_pr FOREIGN KEY (property_type_id) REFERENCES public.my_app_propertytype(id) DEFERRABLE INITIALLY DEFERRED;


--
-- Name: my_app_leaseimage my_app_leaseimage_lease_id_58f83e80_fk_my_app_lease_id; Type: FK CONSTRAINT; Schema: public; Owner: realestate_user
--

ALTER TABLE ONLY public.my_app_leaseimage
    ADD CONSTRAINT my_app_leaseimage_lease_id_58f83e80_fk_my_app_lease_id FOREIGN KEY (lease_id) REFERENCES public.my_app_lease(id) DEFERRABLE INITIALLY DEFERRED;


--
-- Name: my_app_location my_app_location_city_id_38f84d22_fk_my_app_city_id; Type: FK CONSTRAINT; Schema: public; Owner: realestate_user
--

ALTER TABLE ONLY public.my_app_location
    ADD CONSTRAINT my_app_location_city_id_38f84d22_fk_my_app_city_id FOREIGN KEY (city_id) REFERENCES public.my_app_city(id) DEFERRABLE INITIALLY DEFERRED;


--
-- Name: my_app_property my_app_property_city_id_a06baec5_fk_my_app_city_id; Type: FK CONSTRAINT; Schema: public; Owner: realestate_user
--

ALTER TABLE ONLY public.my_app_property
    ADD CONSTRAINT my_app_property_city_id_a06baec5_fk_my_app_city_id FOREIGN KEY (city_id) REFERENCES public.my_app_city(id) DEFERRABLE INITIALLY DEFERRED;


--
-- Name: my_app_property my_app_property_location_id_d25610b5_fk_my_app_location_id; Type: FK CONSTRAINT; Schema: public; Owner: realestate_user
--

ALTER TABLE ONLY public.my_app_property
    ADD CONSTRAINT my_app_property_location_id_d25610b5_fk_my_app_location_id FOREIGN KEY (location_id) REFERENCES public.my_app_location(id) DEFERRABLE INITIALLY DEFERRED;


--
-- Name: my_app_property my_app_property_posted_by_id_86274f9e_fk_auth_user_id; Type: FK CONSTRAINT; Schema: public; Owner: realestate_user
--

ALTER TABLE ONLY public.my_app_property
    ADD CONSTRAINT my_app_property_posted_by_id_86274f9e_fk_auth_user_id FOREIGN KEY (posted_by_id) REFERENCES public.auth_user(id) DEFERRABLE INITIALLY DEFERRED;


--
-- Name: my_app_property my_app_property_property_type_id_b1f96355_fk_my_app_pr; Type: FK CONSTRAINT; Schema: public; Owner: realestate_user
--

ALTER TABLE ONLY public.my_app_property
    ADD CONSTRAINT my_app_property_property_type_id_b1f96355_fk_my_app_pr FOREIGN KEY (property_type_id) REFERENCES public.my_app_propertytype(id) DEFERRABLE INITIALLY DEFERRED;


--
-- Name: my_app_property my_app_property_purpose_id_9b332c71_fk_my_app_purpose_id; Type: FK CONSTRAINT; Schema: public; Owner: realestate_user
--

ALTER TABLE ONLY public.my_app_property
    ADD CONSTRAINT my_app_property_purpose_id_9b332c71_fk_my_app_purpose_id FOREIGN KEY (purpose_id) REFERENCES public.my_app_purpose(id) DEFERRABLE INITIALLY DEFERRED;


--
-- Name: my_app_propertyimage my_app_propertyimage_property_id_37295f48_fk_my_app_property_id; Type: FK CONSTRAINT; Schema: public; Owner: realestate_user
--

ALTER TABLE ONLY public.my_app_propertyimage
    ADD CONSTRAINT my_app_propertyimage_property_id_37295f48_fk_my_app_property_id FOREIGN KEY (property_id) REFERENCES public.my_app_property(id) DEFERRABLE INITIALLY DEFERRED;


--
-- PostgreSQL database dump complete
--

